ItemID,Item_name,Bowl,Cup,1tablespoon,1teaspoon,small,medium,large
1,Bajra,,207,,,,,
2,Barley,,184,,,,,
3,Jowar,,117,,,,,
4,Maize,,177,,,,,
5,Quinoa,,222,,,,,
6,Ragi,,119,,,,,
7,Rice puffed,,56,,,,,
8,Brown Rice,,216,,,,,
9,Rice,,206,,,,,
10,Samai,,329,,,,,
11,Varagu,,353,,,,,
12,Wheat flour,,455,,,,,
13,Wheat whole,,408,,,,,
14,Vermicelli,,463,,,,,
15,Semolina,,601,,,,,
16,Bengal gram,,729,,,,,
17,Black gram,,100,,,,,
18,Whole black gram,,345,,,,,
19,Cowpea,,198,,,,,
20,Field bean,,111,,,,,
21,Green gram,,718,,,,,
22,Horse gram,,316,,,,,
23,Bathua leaves,,43,,,,,
24,Beet greens,,38.8,,,,,
25,Brussels sprouts,,56.2,,,,,
26,Betel leaves,,45,,,,,
27,Cabbage,,17,,,,,
28,Violet Cabbage,,22,,,,,
29,Cauliflower,,27,,,,,
30,Drumstick,,289,,,,,
31,Fenugreek,,576,,,,,
32,Mustard leaves,,15,,,,,
33,Lettuce,,5,,,,,
34,Parsley,,22,,,,,
35,Pumpkin leaves,,7,,,,,
36,Radish leaves,,15,,,,,
37,Spinach,,7,,,,,
38,Tamarind leaves,,259,,,,,
39,Ash gourd,,17,,,,,
40,Bitter gourd,,20,,,,,
41,Bottle gourd,,19,,,,,
42,Brinjal,,20,,,,,
43,Green capsicum,,,,,,,
44,Red Capsicum,,149,9.3,,,,
45,Yellow Capsicum,,149,9.3,,,,
46,Cauliflower,,107,,,,,
47,Celery Stalk,,101,7.5,,,,
48,Cho-cho-marrow,,165,,,,,
49,Cluster Beans,,150,,,,,
50,Baby Corn,,164,,,,,
51,Cucumber,,133,8.3,,,,
52,Drumstick,,100,,,,,
53,Field Beans,,150,9.4,,,,
54,French Beans,,184,11.5,,,,
55,Raw Jack Fruit,,151,,,,,
56,Ripe Jack Fruit,,151,,,,,
57,Knol-Khol,,135,,,,,
58,Kovai,,244.4,,,,,
59,Ladies Finger,,100,,,,,
60,Green Mango,,165,10.3,,,,
61,Onion Stalk,,100,6,,70,90,150
62,Papaya,,190,,,,,
63,Parwar,,,,,,,
64,Peas,,145,9,,,,
65,Plantain Flower,,,,,,,
66,Plantain Green,,148,9.25,,,,
67,Plantain Stem,,148,,,,,
68,Pumpkin,,116,,,,,
69,Red Gram,,205,,,,,
70,Ridge Gourd,,95,,,,,
71,Snake Gourd,,95,,,,,
72,Tinda,,,,,,,
73,Tomato,,165,11,,91,123,182
74,Zucchini,,124,7.7,,,,
75,Red Apple,,112,,,,,
76,Green Apple,,125,,,,,
77,Kashmiri Apple,,125,,,,,
78,Fresh Apricot,,165,,,,,
79,Dried Apricot,,119,,,,,
80,Avocado,,146,,,,,
81,Bael Fruit,,80,,,,,
82,Banana,,150,,,,,
83,Black Berry,,140,,,,,
84,Red Cherries,,140,,,,,
85,Currants Black,,112,,,,,
86,Custard Apple,,,,,,,
87,Pale Brown dates,,160,,,,,
88,Dark Brown Dates,,160,,,,,
89,Processed Dates,,160,,,,,
90,Fig,,,,,,,
91,Gooseberry,,100,,,,,
92,Black grapes seeded,,92,,,,,
93,Green grapes seeded,,151,,,,,
94,Red grapes seeded,,160,,,,,
95,Black grapes seedless,,92,,,,,
96,Green grapes seedless,,151,,,,,
97,Red grapes seedless,,160,,,,,
98,White Flesh Guava,,194,,,,,
99,Pink Flesh Guava,,165,,,,,
100,Jack Fruit,,151,,,,,
101,Jambu Fruit,,135,,,,,
102,Karonda fruit,,180,,,,,
103,Lemon Juice,,244,15,5,,,
104,Lime sweet,,,,,,,
105,Litchi,,190,,,,,
106,Mango riped,,165,,,,,
107,Mango riped himsagar,,165,,,,,
108,Mango riped totapari,,165,,,,,
109,Mango riped kesar,,165,,,,,
110,Mango riped neelam,,165,,,,,
111,Mango Riped paheri,,165,,,,,
112,Mangosteen,,216,13.5,,,,
113,Manilla Tamarind,,,,,,,
114,Musk melon,,177,,,,,
115,Orange,,180,,,,,
116,Palm Fruit,,80,,,,,
117,Papaya,,145,,,,,
118,Peach,,154,,,,,
119,Pear,,140,,,,,
120,Phalsa,,,,,,,
121,Pineapple,,165,,,,,
122,Plum,,165,,,,,
123,Pomengranate,,174,11,,,,
124,Pummelo,,190,,,,,
125,Black Raisins,,145,9,,,,
126,Golden Raisins,,145,10.3,,,,
127,Ramnbutan,,,,,,,
128,Sapota,,241,,,,,
129,Soursoup,,250,,,,,
130,Starfruit,,132,,,,,
131,Strwaberry,,144,,,,,
132,Tamarind pulp,,251,15,5,,,
133,Water Melon,,152,,,,,
134,Wood Apple,,80,,,,,
135,Zizyphus,,100,,,,,
136,Beet Root,,250,15,,,,
137,Orange Carrot,,83,,,,,
138,Red Carrot,,110,8,,,,
139,Colocasia,,104,,,,,
140,Lotus roots,,,,,,,
141,Potato Big,,150,,,,,
142,Potato Small,,150,,,,,
143,red skin Potato,,166,,,,,
144,Red skin Radish,350,116,,,,,
145,Allathi,,,,,,,
146,Aluva,,,,,,,
147,Anchovy,,,,,,,
148,Ari Fish,,,,,,,
149,Betki,,,,,,,
150,Black Snapper,,,,,,,
151,Bombay Duck,350,,,,,,
152,Bommuralu,194,,,,,,
153,Cat Fish,,,,,,,
154,Chakla,,,,,,,
155,Chappal,,,,,,,
156,Chelu,,,,,,,
157,Chembali,,,,,,,
158,Eri Meen,233,,,,,,
159,Gobro,,,,,,,
160,Guitar Fish,,,,,,,
161,Hilsa,,,,,,,
162,Jallal,,,,,,,
163,Jathi Vela meen,,,,,,,
164,Kadal bral,248,,,,,,
165,Kadali,,,,,,,
166,Kalamaara,,,,,,,
167,kalava,,,,,,,
168,Kanamayya,,,,,,,
169,Kannadi Paarai,,,,,,,
170,Karlmeen,,,,,,,
171,Karnagawala,,,,,,,
172,Kayrai,,,,,,,
173,Kiriyan,,,,,,,
174,Kite Fish,,,,,,,
175,Korka,,,,,,,
176,Kulam Paarai,,,,,,,
177,Maagaa,,,,,,,
178,Mackerel,,,,,,,
179,Mandi Clathi,,,,,,,
180,Matha,,,,,,,
181,Milk fish,,,,,,,
182,Moon fish,,,,,,,
183,Mullet,,,,,,,
184,Myll meen,,,,,,,
185,Nalla Bontha,,,,,,,
186,Narba,,,,,,,
187,Paarai,,,,,,,
188,Padayappa,,,,,,,
189,Pali Kora,,,,,,,
190,Pambada,,,,,,,
191,Pandukopa,,,,,,,
192,Parava,,,,,,,
193,Parcus,,,,,,,
194,Parrot Fish,,,,,,,
195,Perinkillchai,,,,,,,
196,Phopat,,,,,,,
197,Piranha,,,,,,,
198,Black Pomfret,,,,,,,
199,Snub nose Pomfret,,,,,,,
200,White Pomfret,,,,,,,
201,Pranel,,,,,,,
202,Pulli Paarai,,,,,,,
203,Queen Fish,,,,,,,
204,Raai Fish,,,,,,,
205,Raai Vanthu,,,,,,,
206,Rani,,,,,,,
207,Spotted bow head ray fish,,,,,,,
208,Red Snapper,,,,,,,
209,Red Squid,,,,,,,
210,Small white Squid,,187,,,,,
211,Catla,,,,,,,
212,Freshwater Eel,,,,,,,
213,Golden Fish,,,,,,,
214,Pangas,,,,,,,
215,Rohu,,,,,,,
216,Crab,,,,,,,
217,Prawns,,,,,,,
218,Radish,,100,,,,,
219,Sweet Potato,,116,,,,,
220,Tapioca,,154,,,,,
221,Water Chestnut,,100,,,,,
222,Yam,,100,,,,,
223,Green Chillies,,,15.7,,,,
224,Red Chillies,,,15,,,,
225,Corriander Leaves,,16,,,,,
226,Curry Leaves,,,15,,,,
227,Garlic,,,,,,,
228,Mango Ginger,,,15,,,,
229,Mint Leaves,,,5.5,,,,
230,Onion,,94,,,70,90,150
231,Asafoetida,,,,3.1,,,
232,Cardamom,,,,2,,,
233,Cloves,,,,2.1,,,
234,Coriander Seeds,,,,1.8,,,
235,Cumin Seeds,,,,2.1,,,
236,Fenugreek Seeds,,,,3.7,,,
237,Mace,,,,1.7,,,
238,Nutmeg,,,,2.2,,,
239,Omum,,,,2.1,,,
240,Pippali,,100,,,,,
241,Black Pepper,,,,2.3,,,
242,Poppy Seeds,,,,2.8,,,
243,Turmeric Powder,,,,3,,,
244,Almond,,,28,,,,
245,Areca Nut,,100,,,,,
246,Cashew Nut,,,28,,,,
247,Coconut,,85,,,,,
248,Garden Cress,99,50,,,,,
249,Gingelly Seeds,,,14,,,,
250,Ground Nut,,100,,,,,
251,Mustard Seeds,,,,2,,,
252,Linseeds,,,10,,,,
253,Black Niger Seeds,,100,,,,,
254,Gray Niger Seeds,,100,,,,,
255,Pine Seeds,,,28,,,,
256,Pistachio,,,28,,,,
257,Safflower Seeds,,,28,,,,
258,Sunflower Seeds,,128,,,,,
259,Walnut,,,28,,,,
260,Jaggery,,,,3,,,
261,Sugarcane Juice,,240,,,,,
262,Button Mushroom,,52.8,,,,,
263,Chicken Mushroom,,,,,,,
264,Shittake Mushroom,,70,,,,,
265,Oyster Mushroom,,86,,,,,
266,Toddy,,,15,,,,
267,Coconut Water,,240,,,,,
268,Lentil,,198,,,,,
269,Lentil whole,,214,,,,,
270,Moth bean,,179,,,,,
271,Peas dry,,160,,,,,
272,Rajma,,177,,,,,
273,Red gram,,168,,,,,
274,Whole red gram,,140,,,,,
275,Ricebean,,150,,,,,
276,Soyabean,,172,,,,,
277,Red Amaranth leaves,,132,,,,,
278,Green Amaranth leaves,,132,,,,,
279,coriander seeds,,,5,1.8,,,
280,whole dry kashmiri red chillies,,,,,,,
281,oil,,218,13.6,4.5,,,
282,garlic,,136,8.4,2.8,,,
283,green chillies,,150,9.3,3.1,,,
284,tomatoes,100,,,,91,123,182
285,dried fenugreek leaves,,,5.4,1.8,,,
286,garam masala,,,15,5,,,
287,salt,,292,18,6,,,
288,paneer (cottage cheese),,226,14.1,,,,
289,onions,,,10,,70,90,150
290,coriander-cumin seeds,,,,,,,
291,turmeric powder,,,6.8,2.2,,,
292,chilli powder,,,8,2.7,,,
293,capsicum,,149,9.3,,,,
294,sugar,,220,9,3,,,
295,cream,,,,,,,
296,"Capsicum, green",,149,9.3,,,,
297,"Capsicum, red",,149,9.3,,,,
298,"Capsicum, yellow",,149,9.3,,,,
299,Buffalo milk,,244,,,,,
300,Cow milk,,244,,,,,
301,Paneer,,226,,,,,
302,Khoa,Bowl,321,,,,,
303,Poultry egg,,75,,,,,
304,Poultry egg white,,64,,,,,
305,Poultry egg yolk,,51,,,,,
306,Poultry egg omelette,,56,,,,,
307,Hen egg raw,,56,,,,,
308,Hen egg omelette,,56,,,,,
309,Hen egg boiled,,75,,,,,
310,Duck egg omelette,,56,,,,,
311,Duck egg boiled,,75,,,,,
312,Duck egg raw,,56,,,,,
313,Chicken leg,,185,,,,,
314,Chicken thigh,,189,,,,,
315,Chicken breast,,200,,,,,
316,Chicken wing,,107,,,,,
317,Duck meat,,151.5,,,,,
318,Emu meat,,228,,,,,
319,Guinea meat,,228,,,,,
320,Pigeon meat,,168,,,,,
321,Quail meat,,92,,,,,
322,Turkey leg,,225,,,,,
323,Turkey thigh,,293,,,,,
324,Turkey breast,,316,,,,,
325,Turkey wing,,250,,,,,
326,Goat shoulder,,269,,,,,
327,Goat legs,,288,,,,,
328,Salmon,,318,,,,,
329,Sardine,,149,,,,,
330,Shark,,153,,,,,
331,Silver carp,,177,,,,,
332,Sole fish,,163,,,,,
333,Stingray,,176,,,,,
334,Tilapia,,116,,,,,
335,Tuna,,180,,,,,
336,Vanjaram,,225,,,,,
337,Red Amarnath leaves,,21,1.3,,,,
338,Green Amarnath leaves,,21,1.3,,,,
339,Potatoes,,150,,,,,
340,Carrots,,128,8,,,,
341,Capsicum ,,150,9.3,,,,
342,Green Peas,,145,9,,,,
343,Ginger,,96,6,2,,,
344,Cashews,,130,8.1,,,,
345,Milk,,244,15,8,,,
346,Red Chill powder,,,8,2.7,,,
347,Coriander Powder,,,9,3,,,
348,Kasuri Methi,350,250,,,,,
349,Coriander Leaves,,16,1,,,,
350,Pizza Base,,,,,,,
351,Bread Flour,,137,9,,,,
352,Yeast,,,12,4,,,
353,Water,,,,,,,
354,Pasta,233,166,,,,,
355,Butter,,,14.2,4.7,,,
356,Flour,,125,7.8,2.6,,,
357,Pepper,,,6.9,2.9,,,
358,Parmesan cheese,,113,7,,,,
359,Chicken,,,,,,,
360,Chilli Pepper,,,,,,,
361,Ghee,,151,9.5,3,,,
362,Onion big,,160,10,,70,90,150
363,Yoghurt,,225,14,,,,
364,Cumin,,,6,2,,,
365,Lemon,,,,,,,
366,Green Chilli,,150,9,3,,,
367,Red Chilli,,150,9,3,,,
368,Egg,,136,,,,,
369,Basmati Rice,289,206,,,,,
370,Carrot,,128,8,,,,
371,Bay leaf,,,1,0.6,,,
372,Cinnamon,,,7.8,2.6,,,
373,Trifle,,139.6,8.72,2.91,,,
374,Victoria Sponge Cake,,,,,,,
375,Waffles,,,,,,,
376,Wedding Cake,,,,,,,
377,3 Musketeers,,,,,,,
378,After Eight,,,,,,,
379,Airheads,,,,,,,
380,Almond Roca,,,,,,,
381,Angel Delight,,,,,,,
382,Animal Crackers,,,,,,,
383,Baby Ruth,,,,,,,
384,Butterfinger,,200,25,4.17,,,
385,Buttermilk Pancakes,,,,,,,
386,Candy Apple,,,,,,,
387,Candy Cane,,,,,,,
388,Candy canes,,,,,,,
389,Candy Corn,,200,12.5,4.17,,,
390,Candy Floss,,,,,,,
391,Caramel Popcorn,,42,2.63,0.88,,,
392,Caramel squares,,,,,25.74,42,76
393,Celebrations,,,,,,,
394,Cheezs,,,,,,,
395,Chocolate,,,,,,,
396,Chocolate Bar,,,,,,,
397,Chocolate Chips,,42,10.5,3.5,,,
398,Cookies,,,,,,,
399,Cotton Candy,,7,0.44,0.15,,,
400,Eggy Bread,,40,2.5,0.83,,,
401,Fairy Cakes,,,,,,,
402,Ferrero Rocher,,,,,,,
403,Flapjack,,,,,,,
404,Fortune Cookies,,,,,,,
405,Granola Bars,,,,,,,
406,Gumdrops,,,,,,,
407,Gummi Bears,,,,,,,
408,Hanuta,,,,,,,
409,Hershey Kisses,,,,,,,
410,Jelly Beans,,234,14.63,4.88,11,,
411,Jelly Belly,,,,,,,
412,Jolly Ranchers,,,,,,,
413,Jordan Almonds,,195,12.19,4.06,,,
414,Kit Kat,,,,,,,
415,Laffy Taffy,,,,,,,
416,LifeSavers,,,,,,,
417,Lindt Chocolate,,,,,,,
418,Liquorice,,,,,,,
419,Lollipop,,,,,,,
420,M and M s,,208,13,4.33,,,
421,Maltesers,,,,,,,
422,Mars Bar,,,,,,,
423,Marshmallows,,,,,,,
424,Marzipan,,228.11,14.26,4.75,,,
425,Mike and Ike,,,,,,,
426,Milk Duds,,101,6.31,2.1,,,
427,Milky Way,,,,,,,
428,PayDay,,,,,,,
429,Peanut Bar,,,,,,,
430,Peanut Brittle,,147,9.19,3.06,,,
431,Peanut Butter Bars,,,,,,,
432,Peanut Butter Cookies,,,,,,,
433,Peppermint bark,,,,,,,
434,Pez,,,,,,,
435,Popcorn,,7.9,0.49,0.16,,,
436,Pumpkin Seeds,,64,4,1.33,,,
437,Reeses Peanut Butter Cups,,,,,,,
438,Rice Pudding,,172,10.75,3.58,,,
439,Roasted Almonds,,,,,,,
440,Rolo,,,,,,,
441,Semolina,,167,10.44,3.48,,,
442,Skittles,,205,12.81,4.27,,,
443,Smarties,,,,,,,
444,Smores,,,,,,,
445,Snickers,,,,,,,
446,Sour Patch Kids,,,,,,,
447,Speculoos,,,,,,,
448,Spritz Cookies,,,,,,,
449,Toblerone,,,,,,,
450,Trifle,,139.6,8.72,2.91,,,
451,Twix,,,,,,,
452,Waffles,,,,,,,
453,Whoopie Pie,,,,,,,
454,Applesauce,,246,15.38,5.13,,,
455,Canned Apricots,,,,,,,
456,Canned Blackberries,,144,9,3,,,
457,Canned Blueberries,,148,9.25,3.08,,,
458,Canned Cherries,,,,,,,
459,Canned Cranberries,,,,,,,
460,Canned Crushed Pineapple,,249,15.56,5.19,,,
461,Canned Figs,,,,,,,
462,Canned Fruit Cocktail,,248,15.5,5.17,,,
463,Canned Fruit Salad,,162.4,10.15,3.38,,,
464,Canned Gooseberries,,150,9.38,3.13,,,
465,Canned Grapefruit,,,,,,,
466,Canned Grapes,,151,9.44,3.15,,,
467,Canned Mandarin Oranges,,249,15.56,5.19,,,
468,Canned Mango,,,,,,,
469,Canned Mangosteen,,216,13.5,4.5,,,
470,Canned Mixed Fruit,,162.4,10.15,3.38,,,
471,Canned Morello Cherries,,,,,,,
472,Canned Oranges,,,,,96,,184
473,Canned Peaches,,250,15.63,5.21,,,
474,Canned Pears,,,,,,,
475,Canned Pineapple,,,,,,,
476,Canned Plums,,,,,,,
477,Canned Raspberries,,123,7.69,2.56,,,
478,Canned Sliced Pineapple,,,,,,,
479,Canned Sour Cherries,,244,15.25,5.08,,,
480,Canned Strawberries,,,,,,,90
481,Canned Tangerines,,,,,,,
482,Dried Fruit,,180,11.25,3.75,,,
483,Amaranth,,246,15.38,5.13,,,
484,Barley,,157,9.81,3.27,,,
485,Barley Groats,,157,9.81,3.27,,,
486,Brown Rice,,195,12.19,4.06,,,
487,Buckwheat,,168,10.5,3.5,,,
488,Buckwheat Groats,,168,10.5,3.5,,,
489,Corn Waffles,,,,,,,
490,Cornmeal,,122,7.63,2.54,,,
491,Cornstarch,,128,8,2.67,,,
492,Couscous,,,,,,,
493,Cracker,,,,,,,
494,Durum Wheat Semolina,,192,12,4,,,
495,Flaxseed,,,,,,,
496,Freekeh,,243,15.19,5.06,,,
497,Grissini,,,,,,,
498,Kamut,,172,10.75,3.58,,,
499,Millet,,174,10.88,3.63,,,
500,Millet Flour,,119,7.44,2.48,,,
501,Millet Gruel,,174,10.88,3.63,,,
502,Oat Bran,,219,13.69,4.56,,,
503,Pearl Barley,,157,9.81,3.27,,,
504,Polenta,,240,15,5,,,
505,Prawn Crackers,,,,,,,
506,Pretzel Sticks,,40,2.5,0.83,,,
507,Quinoa,,185,11.56,3.85,,,
508,Rusk,,,,,,,
509,Rye Bran,,40,2.5,0.83,,,
510,Sago,,,,,,,
511,Savoury Biscuits,,,,,,,
512,Shortbread,,,,,,,
513,Spelt,,194,12.13,4.04,,,
514,Spelt Bran,,194,12.13,4.04,,,
515,Spelt Semolina,,194,12.13,4.04,,,
516,Sunflower Seeds,,128,8,2.67,,,
517,Tortilla,,,,,,,
518,Tortilla Chips,,32,2,0.67,,,
519,Wheat Bran,,58,3.63,1.21,,,
520,Wheat Germ,,115,7.19,2.4,,,
521,Wheat Gluten,,192,12,4,,,
522,Wheat Semolina,,192,12,4,,,
523,Wheat Starch,,160,10,3.33,,,
524,Whole Grain Wheat,,192,12,4,,,
525,Wholegrain Oat,,81,5.06,1.69,,,
526,American Cheese,,,,,,,
527,Applewood,,,,,,,
528,Asiago Cheese,,80,5,1.67,,,
529,Babybel,,,,,,,
530,Blue Cheese,,,,,,,
531,Brie,,,,,,,
532,Camembert,,246,15.38,5.13,,,
533,Cheddar,,,,,,,
534,Cheese Fondue,,215,13.44,4.48,,,
535,Cheese Spread,,63,15.75,5.25,,,
536,Cheese Whiz,,264,33,5.5,,,
537,Chester,,,,,,,
538,Colby Cheese,,,,,,,
539,Colby-Jack Cheese,,,,,,,
540,Cottage Cheese,,217.5,13.59,4.53,,,
541,Dutch Cheese,,,,,,,
542,Edam Cheese,,,,,,,
543,Emmentaler,,,,,,,
544,Feta,,,,,,,
545,Fontina,,,,,,,
546,Fresh Mozzarella,,,,,,,
547,Gjetost,,,,,,,
548,Goat Cheese,,,,,,,
549,Gorgonzola,,,,,,,
550,Gouda,,,,,,,
551,Grated Parmesan,,100,6.25,2.08,,,
552,Grilled Cheese,,,,,,,
553,Gruyere,,,,,,,
554,Halloumi,,113,7.06,2.35,,,
555,Havarti,,,,,,,
556,Italian Cheese,,,,,,,
557,Jarlsberg,,,,,,,
558,Maasdam Cheese,,,,,,,
559,Manchego Cheese,,,,,,,
560,Monterey Jack Cheese,,,,,,,
561,Mozzarella,,,,,,,
562,Muenster Cheese,,,,,,,
563,Neufchatel,,227.2,28.4,4.73,,,
564,Parmesan,,100,6.25,2.08,,,
565,Pecorino,,80,5,1.67,,,
566,Raspberries,,123,,,,,
567,Rhubarb,,122,,,,,
568,Starfruit,,132,,,,,
569,Strawberries,,144,,,,,
570,Tamarind,,,7.5,2.5,,,
571,Tangerine,,,,,,,
572,Watermelon,,152,,,,,
573,Almond Extract,,,,4,,,
574,Anise,,,6.7,2.1,,,
575,Anise Seed,,,6.7,2.1,,,
576,Arrowroot,,,,,,,
577,Arugula,,,,,,,
578,Balsamic Vinegar,,255,16,5.3,,,
579,Basil,,,2.7,0.9,,,
580,Black Pepper,,,6.9,2.9,,,
581,Black Sesame Seeds,,,9,3,,,
582,Broth,,,,,,,
583,Capers,,,,,,,
584,Caraway Seeds,,,6.7,2.1,,,
585,Cardamom,,,5.8,2,,,
586,Cassava,,206,,,,,
587,Cayenne Pepper,,,5.3,1.8,,,
588,Chard,,36,,,,,
589,Chicory Greens,,29,,,,,
590,Chicory Roots,,90,,,,,
591,Chili,,,,,,,
592,Chili Powder,,,8,2.7,,,
593,Chives,,,3,1,,,
594,Cider Vinegar,,239,14.9,5,,,
595,Cilantro,,,7.8,2.6,,,
596,Cinnamon,,,7.8,2.6,,,
597,Cloves,,,,,,,
598,Coriander,,,5,1.8,,,
599,Cream of Tartar,,,6,2,,,
600,Cress,,,,,,,
601,Crystallized Ginger,,,,,,,
602,Cumin,,,,,,,
603,Cumin Seed,,,6,2.1,,,
604,Curry,,,,,,,
605,Dandelion,,,,,,,
606,Dill,,,,,,,
607,Dill Weed,,,,,,,
608,Fennel,,87,,,,,
609,Fennel Seed,,,5.8,2,,,
610,Fenugreek,,,,,,,
611,Garlic,,136,8.4,2.8,,,
612,Garlic Powder,,,,13,,,
613,Garlic Salt,,102,,,,,
614,Ginger,,,0.6,0.2,,,
615,Grape Leaves,,,,,,,
616,Ground Ginger,,,,,,,
617,Horseradish,,,,,,,
618,Hot Pepper,,,,,,,
619,Iodized Salt,,,,,,,
620,Jalapeno,,,8.5,,,,
621,Juniper,,,,,,,
622,Lemon Grass,,,,,,,
623,Licorice,,,,3,,,
624,Maggi,,,,,,,
625,Marjoram,,,,,,,
626,Minced Onion,,,1.7,0.6,70,90,150
627,Mint,,,1,,,,
628,Mustard Seed,,,48,15,,,
629,Nutmeg,,,,,,,
630,Okra,,100,,,,,
631,Onion,,160,10,,70,90,150
632,Onion Powder,,,6.9,2.4,,,
633,Orange Peel,,96,6,2,,,
634,Oregano,,,3,1,,,
635,Paprika,,,6.9,2.3,,,
636,Parsley,,,380,,,,
637,Parsnip,,,,,,,
638,Pepper,,133,,,,,
639,Poppy Seed,,140.8,8.8,2.8,,,
640,Poultry Seasoning,,,4.4,1.5,,,
641,Pumpkin Pie Spice,,,5.6,1.7,,,
642,Red Pepper,,,,,,,
643,Red Wine Vinegar,,239,14.9,5,,,
644,Rosemary,,,,,,,
645,Saffron,,,2.1,0.7,,,
646,Ricotta,,124,15.5,5.17,,,
647,Romano,,80,5,1.67,,,
648,Roquefort,,,,,,,
649,Sheep Cheese,,,,,,,
650,Soft Cheese,,,,,,,
651,Stilton Cheese,,,,,,,
652,String Cheese,,,,,,,
653,Swiss Cheese,,,,,,,
654,White Cheddar,,,,,,,
655,Wisconsin Cheese,,,,,,,
656,Baked Ham,,,,,,,
657,Beef Salami,,,,,,,
658,Boiled Ham,,,,,,,
659,Bologna,,,,,,,
660,Capicola,,,,,,,
661,Chicken Breast Fillet,,140,8.75,2.92,,,
662,Chopped Ham,,134,8.38,2.79,,,
663,Chorizo,,,,,,,
664,Corned Beef,,,,,,,
665,Dutch Loaf,,,,,,,
666,Ham,,,,,,,
667,Ham Sausage,,,,,,,
668,Head Cheese,,,,,,,
669,Hickory Ham,,,,,,,
670,Honey Ham,,,,,,,
671,Liverwurst,,,,,,,
672,Olive Loaf,,134.4,8.4,2.8,,,
673,Oven-Roasted Turkey Breast,,135,8.44,2.81,,,
674,Parma Ham,,,,,,,
675,Pastrami,,,,,,,
676,Pepperoni,,138,8.63,2.88,,,
677,Pimento Loaf,,192,12,4,,,
678,Pork Roast,,,,,,,
679,Prosciutto,,,,,,,
680,Roast Beef,,,,,,,
681,Salami,,,,,,,
682,Serrano Ham,,,,,,,
683,Smoked Ham,,,,,,,
684,Smoked Turkey Breast,,,,,,,
685,Summer Sausage,,140,8.75,2.92,,,
686,Turkey Breast,,135,8.44,2.81,,,
687,Turkey Ham,,,,,,,
688,Turkey Salami,,,,,,,
689,Chive Cream Cheese,,240,15,5,,,
690,Cottage Cheese,,217.5,13.59,4.53,,,
691,Cream Cheese,,232,14.5,4.83,,,
692,Cream Cheese with Herbs,,232,14.5,4.83,,,
693,Feta Cream Cheese,,,,,,,
694,Garlic Cream Cheese,,136,8.5,2.83,,,
695,Goat Cheese,,,,,,,
696,Horseradish,,240,15,5,,,
697,Mascarpone,,448,28,9.33,,,
698,Olive Cream Cheese,,134.4,8.4,2.8,,,
699,Pesto Cream Cheese,,58,14.5,4.83,,,
700,Philadelphia Cream Cheese,,232,14.5,4.83,,,
701,Pineapple Cream Cheese,,,,,,,
702,Salmon Cream Cheese,,260.22,16.26,5.42,,,
703,Vegetable Cream Cheese,,232,14.5,4.83,,,
704,Walnut Cream Cheese,,,,,,,
705,Baby Back Ribs,,,,,,,
706,Bacon and Eggs,,80,5,1.67,,,
707,Baked Beans,,254,15.88,5.29,,,
708,Baked Chicken,,135,8.44,2.81,,,
709,BBQ Ribs,,,,,,,
710,Beef Stew,,252,15.75,5.25,,,
711,Biryani,,205.18,12.82,4.27,,,
712,Black Pudding,,,,,,,
713,Black Rice,,158,9.88,3.29,,,
714,BLT,,,,,,,
715,Brown Rice,,195,12.19,4.06,,,
716,Burrito,,,,,,,
717,Butter Chicken,,239.88,14.99,5,,,
718,California Roll,,,,,,,
719,Chicken Caesar Salad,,,,,,,
720,Chicken Fried Steak,,190,11.88,3.96,,,
721,Chicken Marsala,,256,16,5.33,,,
722,Chicken Parmesan,,,,,,,
723,Chicken Pot Pie,,252,15.75,5.25,,,
724,Chicken Tikka Masala,,236,14.75,4.92,,,
725,Chili con Carne,,183.26,11.45,3.82,,,
726,Chimichanga,,,,,105,162,324
727,Cobb Salad,,,,,,,
728,Collard Greens,,190,11.88,3.96,,,
729,Corn Dog,,,,,,,
730,Corned Beef Hash,,236,14.75,4.92,,,
731,Cottage Pie,,,,,,,
732,Dal,,214.26,13.39,4.46,,,
733,Deviled Eggs,,,,,,,
734,Dim Sum,,,,,,,
735,Dosa,,,,,,,
736,Enchiladas,,,,,,,
737,Fajita,,230,14.38,4.79,,,
738,Fish and Chips,,,,,,,
739,Fried Rice,,137,8.56,2.85,,,
740,Fried Shrimp,,129,8.06,2.69,,,
741,Grilled Cheese Sandwich,,,,,,,
742,Ham and Cheese Sandwich,,,,,,,
743,Hummus,,240,15,5,,,
744,Jambalaya,,246.29,15.39,5.13,,,
745,Kebab,,,,,,,
746,Lasagne,,253.91,15.87,5.29,,,
747,Mac and Cheese,,198,12.38,4.13,,,
748,Macaroni and Cheese,,198,12.38,4.13,,,
749,Mashed Potatoes,,210,13.13,4.38,,,
750,Meat Pie,,,,,,,
751,Meatloaf,,178,11.13,3.71,,,
752,Naan,,,,,,,
753,Orange Chicken,,,,,96,,184
754,Pad Thai,,194.98,12.19,4.06,,,
755,Paella,,241.29,15.08,5.03,,,
756,Paratha,,,,,,,
757,Pea Soup,,259.2,16.2,5.4,,,
758,Peanut Butter Sandwich,,,,,,,
759,Peking Duck,,140,8.75,2.92,,,
760,Philly Cheese Steak,,,,,,,
761,Pizza,,,,,,,
762,Pork Chop,,,,,,,
763,Potato Salad,,250,15.63,5.21,,,
764,Pulled Pork Sandwich,,,,,,,
765,Ramen,,266.84,16.68,5.56,,,
766,Ravioli,,,,,,,
767,Reuben Sandwich,,,,,,,
768,Roast Beef,,,,,,,
769,Samosa,,113,7.06,2.35,,,
770,Sausage Roll,,,,,,,
771,Sausage Rolls,,,,,,,
772,Shepherds Pie,,233.68,14.61,4.87,,,
773,Shrimp Cocktail,,230,14.38,4.79,,,
774,Sloppy Joe,,251,15.69,5.23,,,
775,Sloppy Joes,,251,15.69,5.23,,,
776,Spaghetti Bolognese,,330.24,20.64,6.88,,,
777,Spring Roll,,,,,,,
778,Spring Rolls,,,,,,,
779,Taco,,,,,,,
780,Tandoori Chicken,,225.64,14.1,4.7,,,
781,Yorkshire Pudding,,,,,,,
782,Arbys Grand Turkey Club,,,,,,,
783,Arbys Reuben,,,,,,,
784,Arbys Roast Beef Classic,,,,,,,
785,Arbys Roast Beef Max,,,,,,,
786,BBQ Rib,,,,,,,
787,Bean Burrito,,,,,,,
788,Bratwurst,,,,,,,
789,Burger King Angry Whopper,,,,,,,
790,Burger King Double Whopper,,,,,,,
791,Burger King Double Whopper with Cheese,,,,,,,
792,Burger King Original Chicken Sandwich,,,,,,,
793,Burger King Premium Alaskan Fish Sandwich,,,,,,,
794,Burger King Triple Whopper,,,,,,,
795,Burger King Whopper Jr,,,,,,,
796,Cheeseburger,,,,,,,
797,Chicken Breast,,140,8.75,2.92,,,
798,Chicken Fajita,,230,14.38,4.79,,,
799,Chicken McNuggets,,,,,,,
800,Chicken Nuggets,,139,8.69,2.9,,,
801,Chicken Pizziola,,135,8.44,2.81,,,
802,Chicken Sandwich,,,,,,,
803,Chicken Teriyaki Sandwich,,,,,,,
804,Chicken Wings,,,,,,,
805,Chop Suey,,220,13.75,4.58,,,
806,Curly Fries,,81,5.06,1.69,,,
807,Double Cheeseburger,,,,,,,
808,Egg Roll,,,,,,,
809,Falafel,,,,,,,
810,Filet o Fish,,,,,,,
811,Fish and Chips,,,,,,,
812,Fish Sandwich,,,,,,,
813,French Fries,,57,3.56,1.19,,,
814,Grilled Chicken Salad,,,,,,,
815,Ham Sandwich,,,,,,,
816,Hamburger,,,,,,,
817,Hot Dog,,,,,,,
818,Italian BMT,,,,,,,
819,Lasagna,,253.91,15.87,5.29,,,
820,McDonalds Big Mac,,,,,,,
821,McDonalds Cheeseburger,,,,,,,
822,McDonalds Chicken Nuggets,,,,,,,
823,McDonalds Double Cheeseburger,,,,,,,
824,McDonalds Filet o Fish,,,,,,,
825,McDonalds McChicken,,,,,,,
826,McDonalds McDouble,,,,,,,
827,McDonalds McMuffi Egg,,,,,38,44,50
828,McDonalds McRib,,,,,,,
829,McDonalds Mighty Wings,,,,,,,
830,McRib,,,,,,,
831,Meatball Sandwich,,,,,,,
832,Nachos with Cheese,,129.09,8.07,2.69,,,
833,Onion Rings,,48,3,1,,,
834,Poutine,,132.75,8.3,2.77,,,
835,Smoked Salmon,,,,,,,
836,Subway Club Sandwich,,,,,,,
837,Zinger Burger,,,,,,,
838,Anchovy,,,,,,,
839,Butterfish,,,,,,,
840,Calamari,,187,,,,,
841,Carp,,,,,,,
842,Caviar,,,16,,,,
843,Crayfish,,,,,,,
844,Fish Fingers,,,,,,,
845,Lobster,,,,,,,
846,Mackerel,,,,,,,
847,Milkfish,,,,,,,
848,Mullet,,,,,,,
849,Octopus,,,,,,,
850,Pickled Herring,,,,,,,
851,Red Snapper,,,,,,,
852,Salmon,,,,,,,
853,Sea Bass,,,,,,,
854,Shark,,,,,,,
855,Sole,,,,,,,
856,Squid,,,,,,,
857,Sushi,,,,,,,
858,Swordfish,,,,,,,
859,Tuna Salad,233,166,,,,,
860,Apple,,109,,,,,
861,Apricot,,165,,,,,
862,Avocado,,150,,,,,
863,Banana,,225,,,,,
864,Blackberries,,140,,,,,
865,Blood Oranges,,,,,,,
866,Cantaloupe,,,,,,,
867,Cherries,,,,,,,
868,Clementine,,,,,,,
869,Cranberries,,100,,,,,
870,Custard Apple,,,,,,,
871,Dates,,160,,,,,
872,Figs,,,,,,,
873,Fruit salad,193,138,,,,,
874,Grapes,,151,,,,,
875,Guava,,165,,,,,
876,Jackfruit,,,,,,,
877,Jujube,,100,,,,,
878,Kiwi,,180,,,,,
879,Lemon,,,,,,,
880,Lime,,,,,,,
881,Lychees,,116,,,,,
882,Mandarin Oranges,,,,,,,
883,Mango,,156,,,,,
884,Mulberries,,140,,,,,
885,Nectarine,,143,,,,,
886,Orange,,180,,,,,
887,Papaya,,230,,,,,
888,Passion Fruit,,263,,,,,
889,Peach,,154,,,,,
890,Pear,,161,,,,,
891,Persimmon,,,,,,,
892,Physalis,,140,,,,,
893,Pineapple,,165,,,,,
894,Plum,,165,,,,,
895,Pomegranate,,174,10.9,,,,
896,Quince,,,,,,,
897,Raisins,,145,9.1,,,,
898,Rambutan,,123,,,,,
899,Raspberries,,123,,,,,
900,Rhubarb,,122,,,,,
901,Starfruit,,132,,,,,
902,Strawberries,,144,,,,,
903,Tamarind,,,7.5,2.5,,,
904,Tangerine,,,,,,,
905,Watermelon,,152,,,,,
906,Beef Suet,,,,,,,
907,Beef Tallow,,204.8,12.8,4.27,,,
908,Beef Thymus,,,,,,,
909,Beef Tripe,,,,,,,
910,Chuck Roast,,,,,,,
911,Chuck Steak,,,,,,,
912,Flank Steak,,,,,,,
913,Ground Beef,,,,,,,
914,Ground Chuck,,,,,,,
915,Ground Round,,,,,,,
916,Minced Veal,,,,,,,
917,Porterhouse Steak,,,,,,,
918,Rib Eye Steak,,,,,,,
919,Roast Beef,,,,,,,
920,Rump Steak,,,,,,,
921,Skirt Steak,,,,,,,
922,Stew Beef,,,,,,,
923,Strip Steak,,,,,,,
924,T-Bone Steak,,,,,,,
925,Veal,,,,,,,
926,Veal Breast,,,,,,,
927,Veal Leg,,,,,,,
928,Veal Roast Beef,,,,,,,
929,Veal Shank,,,,,,,
930,Veal Shoulder,,,,,,,
931,Veal Sirloin,,,,,,,
932,Veal Tenderloin,,,,,,,
933,Ale,,237.6,14.85,4.95,,,
934,Bass,,,,,,,
935,Beer,,237.6,14.85,4.95,,,
936,Bock Beer,,237.6,14.85,4.95,,,
937,Bud Ice,,,,,,,
938,Bud Light,,236,14.75,4.92,,,
939,Bud Light Chelada,,236,14.75,4.92,,,
940,Bud Light Lime,,236,14.75,4.92,,,
941,Coors,,237.6,14.85,4.95,,,
942,Coors Light,,236,14.75,4.92,,,
943,Coors,,237.6,14.85,4.95,,,
944,Corona,,237.6,14.85,4.95,,,
945,Dark Beer,,290,18.13,6.04,,,
946,Genesee Cream Ale,,240,15,5,,,
947,Ginger Beer,,254.64,15.91,5.3,,,
948,Honey Brown,,339,21.19,7.06,,,
949,Lager Beer,,237.6,14.85,4.95,,,
950,Light Beer,,236,14.75,4.92,,,
951,Malt Beer,,332,20.75,6.92,,,
952,Michelob Amber Bock,,236,14.75,4.92,,,
953,Michelob Lager,,236,14.75,4.92,,,
954,Michelob Light,,236,14.75,4.92,,,
955,Michelob Ultra,,236,14.75,4.92,,,
956,Michelob Ultra Amber,,236,14.75,4.92,,,
957,Michelob Ultra Lime Cactus,,236,14.75,4.92,,,
958,Natural Ice,,,,,,,
959,Non-alcoholic Beer,,236.8,14.8,4.93,,,
960,Pale Ale,,237.6,14.85,4.95,,,
961,Pilsner,,237.6,14.85,4.95,,,
962,Porter,,290,18.13,6.04,,,
963,Root Beer,,246.4,15.4,5.13,,,
964,Shock Top Raspberry Wheat,,123,7.69,2.56,,,
965,Stout,,290,18.13,6.04,,,
966,Stout Beer,,290,18.13,6.04,,,
967,Strong Beer,,290,18.13,6.04,,,
968,Wheat Beer,,237.6,14.85,4.95,,,
969,Angel Food Cake,,,,,,,
970,Apple Cake,,,,,,,
971,Apple Cobbler,,211.6,13.22,4.41,,,
972,Apple Crisp,,141,17.63,5.88,,,
973,Apple Crumble,,141,17.63,5.88,,,
974,Apple Pie,,,,,,,
975,Apple Strudel,,,,,,,
976,Apple Turnover,,,,,,,
977,Applesauce Cake,,246,15.38,5.13,,,
978,Bakewell Tart,,,,,,,
979,Banoffee Pie,,202,12.63,4.21,,,
980,Birthday Cake,,,,,,,
981,Black and White Cookie,,,,,,,
982,Black Forest Cake,,,,,,,
983,Blueberry Cobbler,,217,13.56,4.52,,,
984,Blueberry Muffin,,,,,,113,
985,Blueberry Pie,,,,,,,
986,Bundt Cake,,,,,,,
987,Buttermilk Pie,,,,,,,
988,Caramel Cake,,,,,,,
989,Carrot Cake,,138,8.63,2.88,,,
990,Cheesecake,,,,,,,
991,Cherry Pie,,,,,,,
992,Chess Pie,,218,13.63,4.54,,,
993,Chocolate Cake,,,,,,,
994,Chocolate Cream Pie,,,,,,,
995,Chocolate Mousse Cake,,117,7.31,2.44,,,
996,Chocolate Mousse Pie,,202,25.25,8.42,,,
997,Chocolate Muffin,,,,,,,
998,Coconut Cake,,,,,,,
999,Coffee Cake,,,,,,,
1000,Cream Puff,,,,,,,
1001,Crumb Cake,,,,,,,
1002,Cupcake,,,,,,,
1003,Danish Pastry,,,,,,,
1004,Donut,,,,,,,
1005,Doughnut,,,,,,,
1006,Flan,,153,19.13,6.38,,,
1007,Flourless Chocolate Cake,,,,,,,
1008,French Cruller,,,,,,,
1009,Fruit Cake,,,,,,,
1010,Funnel Cake,,,,,,,
1011,German Chocolate Cake,,,,,,,
1012,Gingerbread,,67,4.19,1.4,,,
1013,Ice Cream Cake,,,,,,,
1014,Key Lime Pie,,172,10.75,3.58,,,
1015,King Cake,,,,,,,
1016,Layer Cake,,,,,,,
1017,Lemon Cake,,,,,,,
1018,Lemon Meringue Pie,,,,,,,
1019,Madeira Cake,,,,,,,
1020,Marble Cake,,,,,,,
1021,Meringue,,,,,,,
1022,Opera Cake,,,,,,,
1023,Paczki,,,,,,,
1024,Pancake,,,,,,,
1025,Panettone,,,,,,,
1026,Pavlova,,,,,,,
1027,Peach Cobbler,,217,13.56,4.52,,,
1028,Peach Pie,,,,,,,
1029,Pecan Pie,,,,,,,
1030,Pineapple Upside-Down Cake,,,,,,,
1031,Plum Cake,,,,,,,
1032,Poppy-Seed Cake,,,,,,,
1033,Pound Cake,,,,,,,
1034,Profiterole,,,,,,,
1035,Puff Pastry,,,,,,,
1036,Pumpkin Bread,,,,,,,
1037,Pumpkin Cheesecake,,181,11.31,3.77,,,
1038,Pumpkin Pie,,,,,,,
1039,Raspberry Pie,,,,,,,
1040,Red Velvet Cake,,,,,,,
1041,Rhubarb Pie,,,,,,,
1042,Rum Cake,,,,,,,
1043,Sacher Torte,,,,,,,
1044,Sponge Cake,,,,,,,
1045,Strawberry Cheesecake,,189,11.81,3.94,,,
1046,Strawberry Pie,,202,12.63,4.21,,,
1047,Strawberry Rhubarb Pie,,186,11.63,3.88,,,
1048,Sweet Potato Pie,,203,12.69,4.23,,,
1049,Swiss Roll,,,,,,,
1050,Tarte Tatin,,,,,,,
1051,Tiramisu,,143,8.94,2.98,,,
1052,Tiramisu Cake,,143,8.94,2.98,,,
1053,Treacle Tart,,,,,,,
1054,Tres Leches Cake,,120,7.5,2.5,,,
1055,Barley,,157,9.81,3.27,,,
1056,Quinoa,,185,11.56,3.85,,,
1057,Ragi,,21,1.31,0.44,,,
1058,Rice puffed,,14,0.88,0.29,,,
1059,Brown Rice,,195,12.19,4.06,,,
1060,Rice,,158,9.88,3.29,,,
1061,Wheat flour,,125,7.81,2.6,,,
1062,Wheat whole,,192,12,4,,,
1063,Vermicelli,,140,8.75,2.92,,,
1064,Semolina,,167,10.44,3.48,,,
1065,Cowpea,,171,10.69,3.56,,,
1066,Field bean,,177,11.06,3.69,,,
1067,Green gram,,202,12.63,4.21,,,
1068,Beet greens,,,,,,,
1069,Brussels sprouts,,78,9.75,3.25,,,
1070,Cabbage,,,,,,,
1071,Violet Cabbage,,,,,,,
1072,Cauliflower,,,,,,,
1073,Drumstick,,,,,,,
1074,Fenugreek,,177.6,11.1,3.7,,,
1075,Mustard leaves,,249,15.56,5.19,,,
1076,Lettuce,,,,,,,
1077,Parsley,,60.8,3.8,1.27,,,
1078,Pumpkin leaves,,39,2.44,0.81,,,
1079,Radish leaves,,,,,2,,
1080,Spinach,,180,11.25,3.75,,,
1081,Tamarind leaves,,,,,,,
1082,Ash gourd,,,,,,,
1083,Bitter gourd,,,,,,,
1084,Bottle gourd,,146,9.13,3.04,,,
1085,Brinjal,,,,,,,
1086,Green capsicum,,,,,,,
1087,Veal Kidney,,,,,,,
1088,Veal Tongue,,,,,,,
1089,Almond Oil,,217.6,,4.53,,,
1090,Avocado Oil,,224,14,4.67,,,
1091,Butter,,227.2,14.2,4.73,,,
1092,Canola Oil,,224,14,4.67,,,
1093,Coconut Oil,,217.6,13.6,4.53,,,
1094,Cod Liver Oil,,217.6,13.6,4.53,,,
1095,Corn Oil,,217.6,13.6,4.53,,,
1096,Cottonseed Oil,,224,14,4.67,,,
1097,Flaxseed Oil,,217.92,13.62,4.54,,,
1098,Ghee,,204.8,12.8,4.27,,,
1099,Goose Fat,,,,,,,
1100,Grape Seed Oil,,151,9.44,3.15,,,
1101,Hemp Oil,,224,14,4.67,,,
1102,Herring Oil,,,,,,,
1103,Lard,,,,,,,
1104,Macadamia Oil,,204.8,12.8,4.27,,,
1105,Margarine,,,,,,,
1106,Mustard Oil,,227.2,14.2,4.73,,,
1107,Olive Oil,,249,15.56,5.19,,,
1108,Palm Oil,,216,,4.5,,,
1109,Peanut Oil,,217.6,13.6,4.53,,,
1110,Real Butter,,216,13.5,4.5,,,
1111,Rice Bran Oil,,227.2,14.2,4.73,,,
1112,Safflower Oil,,217.6,,4.53,,,
1113,Sardine Oil,,217.6,,4.53,,,
1114,Sesame Oil,,,,,,,
1115,Soybean Oil,,217.6,,4.53,,,
1116,Sunflower Oil,,217.6,,4.53,,,
1117,Walnut Oil,,224,14,4.67,,,
1118,Cannelloni,,217.6,13.6,4.53,,,
1119,Capellini,,,,,,,
1120,Cellophane Noodles,,140,8.75,2.92,,,
1121,Cheese Tortellini,,190,11.88,3.96,,,
1122,Dampfnudel,,81,6.75,2.25,,,
1123,Dumpling Dough,,,,,,,
1124,Durum Wheat Semolina,,79,4.94,1.65,,,
1125,Egg Noodles,,192,12,4,,,
1126,Farfalle,,160,10,3.33,,,
1127,Fettuccine,,140,8.75,2.92,,,
1128,Fusilli,,140,8.75,2.92,,,
1129,Glass Noodles,,140,8.75,2.92,,,
1130,Lasagne Sheets,,140,8.75,2.92,,,
1131,Linguine,,253.91,15.87,5.29,,,
1132,Low Carb Pasta,,140,8.75,2.92,,,
1133,Macaroni,,140,8.75,2.92,,,
1134,Manicotti,,140,8.75,2.92,,,
1135,Mostaccioli,,,,,,,
1136,Orzo,,102.4,6.4,2.13,,,
1137,Penne,,140.05,8.75,2.92,,,
1138,Penne Rigate,,140,8.75,2.92,,,
1139,Pierogi,,140,8.75,2.92,,,
1140,Ravioli,,,,,,,
1141,Rigatoni,,,,,,,
1142,Rotini,,126.5,6.33,2.11,,,
1143,Shells,,140,8.75,2.92,,,
1144,Shirataki Noodles,,140,8.75,2.92,,,
1145,Soy Noodles,,226,14.13,4.71,,,
1146,Spaetzle,,140,8.75,2.92,,,
1147,Spaghetti,,,,,,,
1148,Spinach Tortellini,,140,8.75,2.92,,,
1149,Tagliatelle,,81,6.75,2.25,,,
1150,Tortellini,,128,8,2.67,,,
1151,Vermicelli,,81,6.75,2.25,,,
1152,Whole Grain Noodles,,140,8.75,2.92,,,
1153,Whole Grain Spaghetti,,140,8.75,2.92,,,
1154,Ziti,,140,8.75,2.92,,,
1155,Apple Pie,,140,8.75,2.92,,,
1156,Apple Turnover,,,,,,,
1157,Bagel,,,,,,,
1158,Baguette,,,,,,,
1159,Banana Bread,,40,2.5,0.83,,,
1160,Banana Nut Bread,,,,,,,
1161,Beer Bread,,,,,,,
1162,Biscuit,,,,,,,
1163,Black Bread,,,,,,,
1164,Bran Muffins,,40,2.5,0.83,,,
1165,Bread Pudding,,,,,66,113,139
1166,Breadsticks,,200,12.5,4.17,,,
1167,Brioche,,,,,,,
1168,Brown Bread,,40,2.5,0.83,,,
1169,Brownies,,40,2.5,0.83,,,
1170,Bun,,,,,,,
1171,Cannoli,,,,,,,
1172,Caramel Cake,,,,,,,
1173,Challah,,,,,,,
1174,Chapati,,40,2.5,0.83,,,
1175,Ciabatta,,,,,27,40,52
1176,Cinnamon Bun,,,,,,,
1177,Coffee Cake,,,,,,,
1178,Conchas/Mexican Sweet Bread,,,,,,,
1179,Cornbread,,,,,,,
1180,Crepes,,,,,,,
1181,Croissant,,135,8.44,2.81,,,
1182,Crumpet,,,,,,,
1183,Cupcakes,,,,,,,
1184,Donut Doughnut,,,,,,,
1185,Dosa,,,,,,,
1186,Empanada,,,,,,,
1187,English Muffin,,,,,,,
1188,Flatbread,,,,,,,
1189,Focaccia,,,,,,,
1190,Garlic Bread,,,,,,,
1191,Hot Dog Buns,,,,,,,
1192,Italian Bread,,,,,,,
1193,Latkes,,40,2.5,0.83,,,
1194,Matzo Bread,,,,,,,
1195,Monkey Bread,,,,,,,
1196,Muffin,,,,,,,
1197,Multi Grain Bread,,,,,,113,
1198,Naan,,40,2.5,0.83,,,
1199,Oatmeal Cookies,,,,,,,
1200,Oatmeal Raisin Cookies,,,,,,,
1201,Pan de Sal,,,,,,,
1202,Pancake,,,,,,,
1203,Pandesal,,,,,,,
1204,Panettone,,,,,,,
1205,Pie,,,,,,,
1206,Pita Bread,,,,,,,
1207,Potato Bread,,,,,,,
1208,Pretzel,,40,2.5,0.83,,,
1209,Pretzel Roll,,40,2.5,0.83,,,
1210,Puff Pastry,,,,,,,
1211,Pumpernickel,,,,,,,
1212,Raisin Bread,,,,,,,
1213,Roll,,,,,,,
1214,Roti,,40,2.5,0.83,,,
1215,Rye Bread,,,,,27,40,52
1216,Sandwich,,40,2.5,0.83,,,
1217,Sandwich Bread,,,,,,,
1218,Scone,,40,2.5,0.83,,,
1219,Shortcrust Pastry,,,,,,,
1220,Soda Bread,,,,,,,
1221,Souffle,,,,,,,
1222,Sourdough Bread,,95,5.94,1.98,,,
1223,Spanakopita,,40,2.5,0.83,,,
1224,Spice Cake,,162,10.13,3.38,,,
1225,Sweet Rolls,,,,,,,
1226,Swiss Roll,,40,2.5,0.83,,,
1227,Toast,,,,,,,
1228,Tortilla,,,,,,,
1229,Tortilla Bread,,,,,,,
1230,White Bread,,,,,,,
1231,Whole Wheat Bread,,40,2.5,0.83,,,
1232,BBQ Chicken Pizza,,40,2.5,0.83,,,
1233,BBQ Pizza,,,,,,,
1234,Beef Pizza,,249,15.56,5.19,,,
1235,Bianca Pizza,,,,,,,
1236,Buffalo Chicken Pizza,,,,,,,
1237,Calabrese Pizza,,,,,,,
1238,Calzone,,,,,,,
1239,Capricciosa Pizza,,,,,,,
1240,Cheese Pizza,,,,,,,
1241,Chicken Pizza,,,,,,,
1242,Deep Dish Pizza,,,,,,,
1243,Dominos Philly Cheese Steak Pizza,,,,,,,
1244,Four Cheese Pizza,,,,,666,953.6,1264
1245,Goat Cheese Pizza,,,,,,,
1246,Grilled Pizza,,,,,,,
1247,Hawaiian Pizza,,,,,,,
1248,Margherita Pizza,,,,,,,
1249,Mozzarella Pizza,,,,,,,
1250,Mushroom Pizza,,,,,,,
1251,Napoli Pizza,,,,,,,
1252,New York Style Pizza,,,,,,,
1253,Pepperoni Pizza,,,,,,,
1254,Pizza Dough,,,,,,,
1255,Pizza Hut Stuffed Crust Pizza,,,,,,,
1256,Pizza Hut Supreme Pizza,,,,,,,
1257,Pizza Rolls,,,,,,,
1258,Quattro Formaggi Pizza,,,,,,,
1259,Red Pepper Pizza,,,,,,,
1260,Salami Pizza,,,,,,,
1261,Sausage Pizza,,,,,,,
1262,Seafood Pizza,,,,,,,
1263,Shrimp Pizza,,135,8.44,2.81,,,
1264,Sicilian Pizza,,145,9.06,3.02,,,22
1265,Spinach Feta Pizza,,,,,,,
1266,Spinach Pizza,,,,,,,
1267,Stuffed Crust Pizza,,,,,,,
1268,Thin Crust Pizza,,,,,,,
1269,Tuna Pizza,,,,,,,
1270,Vegetable Pizza,,,,,,,
1271,Vegetarian Pizza,,,,,,,
1272,Veggie Pizza,,,,,,,
1273,White Pizza,,,,,,,
1274,Bacon,,80,5,1.67,,,
1275,Canadian Style Bacon,,80,5,1.67,,,
1276,Chitterlings,,125.78,7.86,2.62,,,
1277,Ground Pork,,123,7.69,2.56,,,
1278,Lard,,204.8,12.8,4.27,,,
1279,Whipped Cream,0,60,3,0,0,0,0
1280,Whole Milk,0,250,0,0,0,0,0
1281,Yogurt,0,225,14,0,0,0,0
1282,ACE Drink,0,0,0,0,0,0,0
1283,Apple Spritzer,0,0,0,0,0,0,0
1284,Chai,0,250,0,0,0,0,0
1285,Chai Tea,0,250,0,0,0,0,0
1286,Chocolate Milk,0,0,0,0,0,0,0
1287,Chocolate Milkshake,0,0,0,0,0,0,0
1288,Club Mate,0,0,0,0,0,0,0
1289,Coca Cola,0,0,0,0,0,0,0
1290,Coffee,0,250,165,0,0,0,0
1291,Coke Zero,0,250,0,0,0,0,0
1292,Cola,0,0,0,0,0,0,0
1293,Crystal Light,0,0,0,0,0,0,0
1294,Diet Coke,0,0,0,0,0,0,0
1295,Egg Cream,0,0,0,0,0,0,0
1296,Evian,,,,,,,
1297,Gatorade,,,,,,,
1298,Ginger Tea,0,0,0,0,0,0,0
1299,Hawaiian Punch,0,0,0,0,0,0,0
1300,Hi C,0,250,0,0,0,0,0
1301,Horchata,0,0,0,0,0,0,0
1302,Hot Chocolate,0,0,0,0,0,0,0
1303,Ice Tea,0,250,0,0,0,0,0
1304,Iced Tea,0,250,0,0,0,0,0
1305,Karamalz,0,250,0,0,0,0,0
1306,Kombucha,0,250,0,0,0,0,0
1307,Kool-Aid,0,250,0,0,0,0,0
1308,Lassi,0,0,0,0,0,0,0
1309,Latte Macchiato,0,250,0,0,0,0,0
1310,Lemonade,0,250,0,0,0,0,0
1311,Malt Beer,0,0,0,0,0,0,0
1312,Milk,0,0,0,0,0,0,0
1313,Milkshake dry,0,0,0,0,0,0,0
1314,Milo,0,244,15,0,0,0,0
1315,Nectar,0,0,0,0,0,0,0
1316,Nestea,0,250,0,0,0,0,0
1317,Non alcoholic Beer,0,225,14,0,0,0,0
1318,Powerade,0,0,0,0,0,0,0
1319,Slurpee,0,0,0,0,0,0,0
1320,Slush Puppie,0,250,0,0,0,0,0
1321,Banana Smoothie,0,0,0,0,0,0,0
1322,Soy Milk,0,0,0,0,0,0,0
1323,Strawberry Milkshake,0,0,0,0,0,0,0
1324,Tang,0,0,0,0,0,0,0
1325,Tap Water,0,0,0,0,0,0,0
1326,Tea,0,0,0,0,0,0,0
1327,Vanilla Milkshake,0,0,0,0,0,0,0
1328,Volvic,0,250,0,0,0,0,0
1329,Water,0,250,0,0,0,0,0
1330,Yerba Mate,0,0,0,0,0,0,0
1331,Acorn,0,250,0,0,0,0,0
1332,Alfalfa Sprouts,0,250,0,0,0,0,0
1333,Almonds,0,250,0,0,0,0,0
1334,Beechnut,0,33,3,0,0,0,0
1335,Brazil Nuts,0,143,55,0,0,0,0
1336,Breadfruit,0,0,0,0,0,0,0
1337,Butternut,0,133,0,0,0,0,0
1338,Cashew,0,0,0,0,0,0,0
1339,Chestnut,0,0,0,0,0,0,0
1340,Chia Seeds,130,130,8.1,0,0,0,0
1341,Coconut,0,0,0,0,0,0,0
1342,Cotton Seeds,0,0,0,0,0,0,0
1343,Flaxseed,0,80,5,0,0,397,0
1344,Ginkgo Nuts,0,250,0,0,0,0,0
1345,Goa Bean,0,0,0,0,0,0,0
1346,Hazelnut,0,0,0,0,0,0,0
1347,Hickory Nuts,0,0,0,0,0,0,0
1348,Lima Beans,0,0,0,0,0,0,0
1349,Lotus Seed,0,0,0,0,0,0,0
1350,Macadamia Nuts,0,0,0,0,0,0,0
1351,Peanuts,0,64,14,0,0,0,0
1352,Peas,0,0,0,0,0,0,0
1353,Pecan Nuts,0,146,9,0,0,0,0
1354,Pecans,0,145,9,0,0,0,0
1355,Pili Nuts,0,0,0,0,0,0,0
1356,Pine Nuts,0,0,0,0,0,0,0
1357,Pinto Beans,0,120,0,0,0,0,0
1358,Pistachios,0,0,0,0,0,0,0
1359,Poppy Seeds,0,193,12,0,0,0,0
1360,Pumpkin Seeds,0,250,165,0,0,0,0
1361,Radish Seeds,14,574,8.8,2.8,0,0,0
1362,Safflower Seeds,0,0,52,17,0,0,0
1363,Sesame Seeds,0,38,0,0,0,0,0
1364,Smoked Almonds,0,0,0,0,0,0,0
1365,Soy Beans,0,0,0,0,0,0,0
1366,Sunflower Seeds,0,0,0,0,0,0,0
1367,Sweet Chestnut,0,0,30,10,0,0,0
1368,Walnuts,0,0,0,0,0,0,0
1369,Watermelon,0,0,0,0,0,0,0
1370,Bran Flakes,0,0,0,0,0,0,0
1371,Capan Crunch,0,152,0,0,0,0,0
1372,Cheerios,0,0,0,0,0,0,0
1373,Chex,0,0,0,0,0,0,0
1374,Chocolate Cheerios,0,0,0,0,0,0,0
1375,Chocos,0,0,0,0,0,0,0
1376,Cinnamon Toast Crunch,0,0,0,0,0,0,0
1377,Coco Pops,0,0,0,0,0,0,0
1378,Cocoa Krispies,0,0,0,0,0,0,0
1379,Cocoa Pebbles,0,0,0,0,0,0,0
1380,Cocoa Puffs,0,0,0,0,0,0,0
1381,Cookie Crisp,0,0,0,0,0,0,0
1382,Corn Flakes,0,0,0,0,0,0,0
1383,Corn Pops,0,0,0,0,0,0,0
1384,Count Chocula,0,0,0,,0,0,0
1385,Smart Start,0,0,0,0,0,0,0
1386,Special K,0,0,0,0,0,0,0
1387,Special K Chocolatey Delight,0,0,165,0,0,0,0
1388,Special K Protein Plus,0,0,0,0,0,0,0
1389,Special K Red Berries,0,0,0,0,0,0,0
1390,Sugar Puffs,0,0,0,0,0,0,0
1391,Toasties,0,0,0,0,0,0,0
1392,Trix,0,0,0,0,0,0,0
1393,Weet Bix,0,0,3,0,0,0,0
1394,Weetabix,0,0,0,0,0,0,0
1395,Weetos,0,0,14,0,0,0,0
1396,Wheaties,0,0,0,0,0,0,0
1397,Beef Brain,0,0,0,0,0,0,0
1398,Beef Heart,0,0,0,0,0,0,0
1399,Beef Kidney,0,0,0,0,0,0,0
1400,Beef Liver,0,0,0,0,0,0,0
1401,Beef Lung,0,0,0,0,0,0,0
1402,Beef Melt,0,0,0,0,0,0,0
1403,Beef Tongue,0,0,0,0,0,0,0
1404,Calf Brain,0,0,165,0,0,0,0
1405,Calf Liver,0,0,0,0,0,0,0
1406,Calf Lung,0,0,0,0,0,0,0
1407,Calf Melt,0,0,0,0,0,0,0
1408,Chicken Giblets,0,0,0,0,0,0,0
1409,Chicken Heart,0,0,0,0,0,0,0
1410,Chicken Liver,0,0,165,0,0,0,0
1411,Chicken Stomach,0,250,0,0,0,0,0
1412,Chitterlings,0,0,0,0,0,0,0
1413,Duck Liver,0,0,0,0,0,0,0
1414,Goose Liver,0,0,0,0,0,0,0
1415,Hog Maws,0,0,0,0,0,0,0
1416,Pig Brain,0,250,3,0,0,0,0
1417,Pig Heart,0,250,0,0,0,0,0
1418,Pig Kidney,0,225,14,0,0,0,0
1419,Pig Lung,0,250,0,0,0,0,0
1420,Pork Liver,0,250,0,0,0,0,0
1421,Pork Melt,0,250,0,0,0,0,0
1422,Pork Tongue,0,250,0,0,0,0,0
1423,Quaker Oatmeal Squares,0,250,0,0,0,0,0
1424,Raisin Bran,0,245,0,0,0,0,0
1425,Raisin Bran Crunch,0,0,0,0,0,0,0
1426,Raisin Bran Crunch,0,0,0,0,0,0,0
1427,Raisin Nut Bran,0,0,0,0,0,0,0
1428,Ready Brek,0,0,0,0,0,0,0
1429,Rice Chex,0,0,0,0,0,0,0
1430,Rice Krispies,0,0,0,0,0,0,0
1431,Scooters,0,0,0,0,0,0,0
1432,Shredded Wheat,0,0,0,0,0,0,0
1433,Shreddies,0,0,0,0,0,0,0
1434,Acai Juice,,288,18,6,,,
1435,Apple Juice,,248,15.5,5.17,,,
1436,Apricot Nectar,,251,15.69,5.23,,,
1437,Banana Juice,,207.03,12.94,4.31,,,
1438,Blackberry Juice,,144,9,3,,,
1439,Boysenberry Juice,,132,8.25,2.75,,,
1440,Carrot Juice,,236,14.75,4.92,,,
1441,Chamomile Tea,,236.8,14.8,4.93,,,
1442,Cherry Juice,,237,14.81,4.94,,,
1443,Clamato,,241.6,15.1,5.03,,,
1444,Coconut Milk,,226,14.13,4.71,,,
1445,Coconut Water,,240,15,5,,,
1446,Concord Grape,,151,9.44,3.15,,,
1447,Cranberry Apple Juice,,244.8,15.3,5.1,,,
1448,Cranberry Grape Juice,,244.8,15.3,5.1,,,
1449,Cranberry Juice,,237.04,14.81,4.94,,,
1450,Cucumber Juice,,253,15.81,5.27,,,
1451,Currant Juice,,144,9,3,,,
1452,Energy Drink,,240,15,5,,,
1453,Grape Juice,,253,15.81,5.27,,,
1454,Grapefruit Juice,,247,15.44,5.15,,,
1455,Lemon Juice,,240,15,5,,,
1456,Lemonade,,247.2,15.45,5.15,,,
1457,Lime Juice,,242,15.13,5.04,,,
1458,Limeade,,247.2,15.45,5.15,,,
1459,Mango Lassi,,235.59,14.72,4.91,,,
1460,Orange Juice,,248,15.5,5.17,,,
1461,Papaya Juice,,250,15.63,5.21,,,
1462,Passion Fruit Juice,,247,15.44,5.15,,,
1463,Peach Juice,,249,15.56,5.19,,,
1464,Peach Nectar,,249,15.56,5.19,,,
1465,Pear Juice,,249.6,15.6,5.2,,,
1466,Pear Nectar,,,,,148,178,230
1467,Pineapple Juice,,250,15.63,5.21,,,
1468,Pineapple Orange Juice,,246,15.38,5.13,,,
1469,Plum Juice,,249.6,15.6,5.2,,,
1470,Pomegranate Juice,,249,15.56,5.19,,,
1471,Sauerkraut Juice,,142,8.88,2.96,,,
1472,Tangerine Juice,,249,15.56,5.19,,,
1473,Tomato Juice,,243,15.19,5.06,,,
1474,Vegetable Juice,,253,15.81,5.27,,,
1475,White Grape Juice,,253,15.81,5.27,,,
1476,Absinthe,,222.4,13.9,4.63,,,
1477,Amaretto,,278.4,17.4,5.8,,,
1478,Baileys Irish Cream,,278.4,17.4,5.8,,,
1479,Beer,,237.6,14.85,4.95,,,
1480,Bourbon,,222.4,13.9,4.63,,,
1481,Brandy,,222.4,13.9,4.63,,,
1482,Canadian Whiskey,,222.4,13.9,4.63,,,
1483,Chambord,,247.44,15.46,5.16,,,
1484,Champagne,,235.2,14.7,4.9,,,
1485,Cider,,248,15.5,5.17,,,
1486,Cognac,,222.4,13.9,4.63,,,
1487,Cointreau,,264,16.5,5.5,,,
1488,Gin,,222.4,13.9,4.63,,,
1489,Irish Whiskey,,222.4,13.9,4.63,,,
1490,Jagermeister,,236.32,14.77,4.92,,,
1491,Liqueur,,278.4,17.4,5.8,,,
1492,Liquor,,222.4,13.9,4.63,,,
1493,Prosecco,,235.2,14.7,4.9,,,
1494,Punch,,237.04,14.81,4.94,,,
1495,Red Wine,,235.2,14.7,4.9,,,
1496,Rose Wine,,242.4,15.15,5.05,,,
1497,Rum,,222.4,13.9,4.63,,,
1498,Sangria,,256,16,5.33,,,
1499,Scotch,,222.4,13.9,4.63,,,
1500,Sherry,,235.2,14.7,4.9,,,
1501,Sloe Gin,,222.4,13.9,4.63,,,
1502,Tequila,,222.4,13.9,4.63,,,
1503,Triple Sec,,196.8,12.3,4.1,,,
1504,Vermouth,,236,14.75,4.92,,,
1505,Vodka,,222.4,13.9,4.63,,,
1506,Whisky,,222.4,13.9,4.63,,,
1507,White Wine,,235.2,14.7,4.9,,,
1508,Wine,,235.2,14.7,4.9,,,
1509,Agar Agar,,80,5,1.67,,,
1510,Agave Syrup,,331.2,20.7,6.9,,,
1511,All Purpose Flour,,125,7.81,2.6,,,
1512,Almond Extract,,201.6,12.6,4.2,,,
1513,Almonds,,,,,,,
1514,Apple Pie Filling,,200.58,12.54,4.18,,,
